protein	posi	ratio
O15247	29	0.109
P32320	13	0.139
P32320	7	0.223
P21980	369	0.347
Q8NBQ5	216	0.619
Q9UBB4	353	0.765
P39210	98	0.782
Q9UBB4	355	0.847
O94788	319	0.863
P38606	253	0.884
P10599	31	0.889
Q9BRA2	42	0.908
Q9H3P2	130	0.911
P53816	112	0.916
P05091	318	0.917
Q9NU22	42	0.932
Q9Y5X2	199	0.964
P38606	137	0.966
P49189	287	0.967
P38606	239	0.982
P51649	339	0.99
Q96AD5	151	0.994
P30837	306	1.003
P07237	396	1.007
P14854	29	1.026
P30519	281	1.075
Q96A33	213	1.08
Q9Y6E2	269	1.097
Q9BT22	384	1.11
Q06187	480	1.118
Q8NEC7	139	1.128
Q9Y4X0	174	1.14
Q6DCA0	152	1.14
Q9BTE7	116	1.147
Q99757	89	1.147
P17540	316	1.155
P12532	315	1.155
Q92766	328	1.158
P00352	301	1.16
Q9Y3A0	230	1.164
Q6NUK1	397	1.166
P12277	282	1.182
Q9Y3D0	92	1.183
Q9BTE7	114	1.184
Q9BW61	24	1.192
Q9NS18	76	1.193
P39210	102	1.232
Q02252	316	1.239
Q9NXJ5	148	1.253
Q5PRF9	19	1.256
P22307	93	1.276
Q9H479	23	1.28
Q9BQG0	613	1.285
P68431	96	1.286
Q96F25	175	1.301
Q9BT22	389	1.308
Q9UHQ1	98	1.31
Q9NP72	154	1.322
P42575	369	1.341
P16455	144	1.343
Q6ICB0	107	1.352
Q7Z6B0	423	1.371
Q6UB35	905	1.378
P42765	91	1.397
Q8IZL8	70	1.401
Q9BSY9	107	1.405
Q13630	111	1.412
Q15084	54	1.435
Q9Y5S2	1516	1.438
Q8NBS9	349	1.447
P16455	149	1.459
P35754	22	1.461
O60568	690	1.463
Q15084	189	1.463
Q00765	17	1.474
Q9Y696	34	1.497
P40616	79	1.522
Q96FX7	208	1.524
P54136	31	1.532
Q08AM6	673	1.54
Q92973	296	1.541
P27708	72	1.551
A6NED2	138	1.558
P13667	205	1.559
Q13895	299	1.572
Q92600	90	1.58
Q9Y5X2	454	1.581
Q9Y5X2	441	1.581
Q8NBQ5	214	1.582
Q9NR33	83	1.586
Q6GMV1	80	1.587
P78395	504	1.604
P13667	554	1.606
Q96IJ6	388	1.629
Q9NP72	159	1.637
Q9BQB6	50	1.643
Q13867	72	1.663
Q8WUK0	126	1.668
Q9H0A0	120	1.676
Q9P0J1	148	1.691
Q8IXB1	587	1.692
Q9BV86	63	1.714
Q86W42	34	1.717
Q8WUM4	249	1.719
P78395	502	1.723
P21980	276	1.728
Q9H9F9	264	1.738
O00244	11	1.746
Q9BQB6	42	1.747
Q9NRW3	129	1.753
Q9BVA1	126	1.757
Q09161	482	1.761
Q09161	476	1.768
Q99873	118	1.775
P32929	228	1.786
Q07065	99	1.794
Q92990	173	1.795
P50416	303	1.802
Q8WV74	206	1.806
Q9UPT9	184	1.812
P30519	264	1.82
Q92973	789	1.837
P11586	862	1.842
Q9NQC3	1100	1.845
Q96IX5	29	1.846
Q6YN16	165	1.862
A0AVT1	346	1.874
O14730	21	1.877
P30101	405	1.884
O43264	476	1.884
Q9Y4P8	69	1.886
Q9H3P2	140	1.886
Q5VST6	209	1.886
P54136	33	1.889
Q9NX24	17	1.906
O95486	703	1.919
Q8WUM4	89	1.946
Q96DE5	54	1.951
Q04941	15	1.952
P61221	64	1.953
Q9HBL8	153	1.958
P38606	276	1.973
O15379	93	1.974
Q9Y3D2	104	1.991
Q13490	44	1.993
O43592	243	2.012
Q96AD5	60	2.014
P40937	151	2.017
P43355	91	2.021
O75528	254	2.043
Q9NRP0	13	2.044
Q9Y5R8	114	2.056
Q9Y2Z2	76	2.064
P46782	65	2.066
Q9NVV5	5	2.066
O75865	149	2.071
Q9UBR2	88	2.074
Q00796	44	2.075
O95985	216	2.086
Q3SXM5	264	2.098
Q15418	431	2.1
Q53GS7	527	2.1
Q9Y3L5	139	2.108
Q8IXH7	168	2.112
Q9UL45	94	2.114
O00299	23	2.115
P17655	639	2.12
Q5JPI3	307	2.121
Q08752	274	2.14
P45985	157	2.14
O75521	311	2.153
Q9UBR2	91	2.168
Q9UI30	99	2.182
Q9UBR2	169	2.192
Q96N21	301	2.195
P60006	23	2.195
Q09161	136	2.2
Q7Z3B4	179	2.211
Q14671	934	2.223
Q92600	98	2.242
O14787	788	2.247
Q9H936	245	2.26
O60313	873	2.261
P07339	328	2.269
Q9NZA1	190	2.27
Q92963	157	2.277
P03915	517	2.277
Q9UHD8	530	2.279
O43772	57	2.282
P23921	217	2.283
Q92538	402	2.285
P19447	341	2.304
Q9NQR4	152	2.316
O14684	136	2.32
Q8IUR0	138	2.332
Q969E2	19	2.347
Q8NBX0	237	2.356
Q92973	805	2.36
O14787	804	2.36
Q9NVC6	648	2.363
P78527	2092	2.365
P06703	2	2.372
Q14CZ7	503	2.372
P20645	243	2.381
Q92945	295	2.389
Q8NHU6	1028	2.392
P35658	727	2.394
Q92990	217	2.397
O43264	587	2.402
P45880	209	2.404
P51617	607	2.407
O94906	806	2.412
Q08211	1028	2.413
Q99622	43	2.417
Q5TFE4	118	2.42
O15120	91	2.435
O14641	353	2.438
P46060	81	2.442
P13797	32	2.447
Q9UL40	67	2.456
P68104	362	2.459
Q99758	1460	2.46
Q9HAU0	472	2.463
Q9Y284	24	2.472
Q9NYP7	60	2.478
O15269	318	2.49
P07858	104	2.491
Q7L8L6	688	2.496
P29692	216	2.503
Q9H061	84	2.508
P68104	369	2.517
O00567	51	2.531
Q9UBX3	17	2.532
O95785	1428	2.536
O75874	268	2.536
Q99967	260	2.549
Q9HA64	23	2.55
P46109	248	2.563
Q8N0U8	49	2.563
Q8WTR2	53	2.563
Q15005	25	2.576
Q9NX61	86	2.578
Q96N21	51	2.589
P40616	94	2.592
O95807	86	2.593
P45984	176	2.594
P10589	349	2.598
P53007	126	2.609
P24468	342	2.614
O14733	130	2.62
Q96Q06	1295	2.621
O96011	152	2.623
Q13630	115	2.627
A6NDU8	224	2.627
Q29RF7	326	2.629
Q6NUQ1	648	2.656
P10809	441	2.656
Q02094	395	2.661
O43760	58	2.669
Q8WUW1	42	2.675
P56589	64	2.689
Q9P0U4	419	2.706
Q9BU23	658	2.709
Q9Y4B6	68	2.712
Q96JM7	232	2.714
Q9Y6E2	96	2.715
O43310	555	2.72
Q02809	679	2.723
Q9NY27	21	2.733
Q6NXE6	328	2.738
Q9NUI1	119	2.739
Q86Y56	419	2.74
Q05932	387	2.758
Q15005	16	2.76
Q69YN2	287	2.77
Q86XZ4	60	2.78
Q9Y3T9	584	2.784
P24468	199	2.785
Q9H568	196	2.792
Q9Y679	324	2.794
Q99497	105	2.8
O75911	293	2.803
O43913	408	2.806
O00410	681	2.819
Q7L8L6	684	2.825
Q6PJG6	672	2.827
Q6P2E9	383	2.828
Q9UJX3	508	2.828
Q9C0B7	14	2.837
Q04941	11	2.84
O96020	108	2.841
Q9H5J4	98	2.847
Q96R06	381	2.851
Q14790	359	2.852
Q9UJX3	328	2.855
Q9NS91	62	2.856
Q9C0I1	693	2.876
O95081	38	2.889
Q92616	1234	2.894
P08559	90	2.895
P07947	286	2.905
P45880	46	2.908
P08559	99	2.91
Q8NBI5	225	2.912
Q8NBA8	219	2.915
P04818	198	2.918
O95373	400	2.92
Q53R41	69	2.927
P31350	201	2.928
P14735	973	2.936
P40227	498	2.94
O00148	73	2.942
P07339	116	2.945
P08559	93	2.95
Q9UPU5	152	2.962
Q7L1Q6	95	2.978
O94966	1287	2.979
Q96AG4	276	2.982
P51649	501	2.983
O60701	287	2.985
Q86X76	202	2.993
Q70J99	447	2.997
Q71SY5	110	2.998
P37268	373	3.008
O14980	198	3.019
Q9Y289	576	3.029
P54274	117	3.034
Q86Y56	137	3.034
Q96F86	412	3.044
Q8IZL8	190	3.059
Q15418	222	3.069
Q13158	97	3.07
Q08752	281	3.076
O95372	170	3.078
Q9HCC0	215	3.081
Q9NZ08	906	3.081
P53350	572	3.084
Q9NQT5	214	3.088
Q9NYL2	21	3.088
Q8IZ69	462	3.089
Q15654	434	3.099
O75153	332	3.1
Q00325	276	3.101
Q8TEQ6	1295	3.102
P35232	68	3.102
Q9H5X1	89	3.123
Q01082	603	3.129
Q09666	1832	3.131
Q99832	28	3.133
Q96AD5	411	3.134
Q9UBB9	444	3.135
P14735	965	3.138
Q5JTH9	101	3.139
O00567	111	3.147
Q15022	324	3.147
Q14527	481	3.149
Q13162	244	3.149
Q9UBQ7	215	3.149
A5YKK6	2358	3.152
P83436	418	3.152
O00148	85	3.166
Q63HN8	613	3.176
Q9BTY7	50	3.185
Q9H936	110	3.185
Q12959	377	3.195
O15269	437	3.197
Q15388	99	3.198
O75694	873	3.2
Q16537	105	3.202
Q3SY69	706	3.205
Q06203	99	3.208
P50416	95	3.208
Q9NYA1	315	3.212
P16930	104	3.213
Q9UBM1	69	3.22
Q9BRJ7	87	3.221
Q16563	192	3.229
P61225	139	3.231
Q56VL3	129	3.232
Q13428	37	3.237
Q9H936	115	3.249
P27105	86	3.255
A6NDU8	243	3.258
Q9GZR2	381	3.26
Q9BUM1	268	3.262
Q96C01	34	3.267
O43572	474	3.271
Q96N66	303	3.272
P62854	73	3.279
Q5TGZ0	12	3.281
Q13286	91	3.287
P30154	159	3.29
P49327	160	3.291
O00148	61	3.302
Q9Y277	35	3.303
Q29RF7	1083	3.303
P30044	203	3.304
Q6PJ69	173	3.306
Q6PIW4	53	3.306
Q9UL46	90	3.312
Q96CM8	63	3.312
Q9H845	506	3.313
Q9UJA2	229	3.314
P35658	185	3.315
Q6UWP7	335	3.324
Q9Y5Y2	201	3.327
O60921	199	3.342
Q9BTA9	552	3.346
P54886	611	3.359
Q9NR50	284	3.362
Q99798	450	3.369
P40763	258	3.369
Q96EB1	217	3.371
Q9NYP7	95	3.373
P49459	87	3.387
P63146	87	3.387
Q6PJG6	53	3.393
Q86X76	164	3.407
Q9Y5T5	204	3.409
Q12962	173	3.419
Q9BTE6	208	3.419
Q9HAV4	713	3.422
Q13573	249	3.43
Q06136	120	3.432
Q53R41	160	3.441
O14777	448	3.442
O94925	524	3.456
O43169	118	3.46
P00558	379	3.461
O15304	5	3.466
Q9Y446	128	3.467
Q6NUM9	570	3.473
Q15398	128	3.477
Q9BTE3	324	3.479
P04818	194	3.491
P23396	96	3.496
Q9NR50	280	3.506
Q96B77	155	3.509
Q5TGZ0	57	3.511
Q5VT66	272	3.515
P07814	1300	3.516
Q00536	205	3.518
Q6P087	146	3.529
Q9NRG0	54	3.53
Q96RS6	401	3.531
P30153	147	3.534
O00469	561	3.539
Q6NXR4	184	3.54
Q9NZB2	530	3.54
Q9BUP3	89	3.552
Q9Y4R8	812	3.556
O95571	169	3.559
P60660	137	3.559
P32119	171	3.56
P53597	171	3.562
A6NDU8	178	3.57
O96008	73	3.57
Q8N1F7	521	3.575
Q13569	232	3.577
Q8TAQ2	144	3.581
Q14192	27	3.582
P53985	399	3.589
Q7L5Y1	306	3.59
Q9BR61	266	3.602
O75940	213	3.608
Q9NQS1	168	3.613
P30041	46	3.627
Q5T0N5	68	3.631
Q9BWL3	96	3.632
Q9HBH1	107	3.636
Q9NP80	713	3.639
Q9Y6N5	378	3.662
Q9H0R6	87	3.671
Q9NTX5	132	3.691
O14980	163	3.691
Q9Y673	193	3.697
O00567	210	3.698
Q9Y6N1	216	3.7
Q9Y2S7	142	3.703
Q9UHD8	374	3.714
Q56VL3	26	3.714
Q9NXE4	578	3.718
Q6UWP2	225	3.722
Q9BQI3	493	3.729
Q15233	144	3.731
O14787	142	3.732
Q8TAQ2	135	3.743
Q8WUK0	80	3.746
Q96T76	847	3.755
Q5JTH9	316	3.762
Q9HAV4	326	3.775
Q9UKX7	150	3.79
P55735	186	3.8
Q8NEY8	308	3.802
Q8N1F8	137	3.808
Q9BQ39	602	3.809
P62241	181	3.812
P41252	525	3.813
Q9BTE6	209	3.814
Q7L5N7	325	3.816
P25786	147	3.816
Q8N697	36	3.817
Q9BUF5	123	3.835
O43592	521	3.839
Q96ST3	1166	3.844
Q9UBB6	540	3.844
O60664	38	3.846
Q9UBT7	666	3.865
Q9NVG8	35	3.866
P00533	774	3.886
Q96FV9	48	3.892
Q9NY12	79	3.893
Q8WYP5	936	3.898
P25705	293	3.898
P51692	687	3.904
Q8WU76	506	3.908
Q7Z4W1	137	3.91
O75955	33	3.913
Q86UL3	324	3.913
Q9BTX1	467	3.921
Q70J99	369	3.923
O14818	69	3.923
Q2TAA2	136	3.924
Q96II8	675	3.925
Q9Y289	627	3.928
O14733	259	3.938
Q9UPT9	170	3.938
Q9HD45	427	3.956
P42224	491	3.961
O95229	53	3.964
O14656	48	3.968
Q8IUX1	189	3.971
P09110	176	3.979
Q658P3	139	3.98
Q01581	223	3.983
Q15043	321	3.996
Q92769	261	4.004
Q5T440	258	4.005
Q9NYG5	6	4.012
Q9NPG8	336	4.019
Q9NZ32	387	4.026
Q9NVM9	348	4.03
Q5UIP0	311	4.033
Q9Y3B2	169	4.04
Q9Y2X3	105	4.04
P62263	53	4.044
O43837	231	4.045
Q13131	116	4.047
Q15654	53	4.052
Q12769	134	4.058
P57678	209	4.063
Q92616	1274	4.072
Q6VN20	500	4.079
P24941	176	4.081
Q5JNZ5	73	4.098
Q9Y296	194	4.104
Q9NXE4	220	4.108
Q6YHU6	587	4.124
P55060	938	4.125
Q6PJG6	719	4.126
Q9Y4R8	29	4.136
Q99871	49	4.14
P62241	71	4.147
O15067	1286	4.147
Q09161	408	4.161
Q14671	233	4.177
Q9BYG5	12	4.177
Q53EU6	305	4.18
Q5TGY3	688	4.182
Q5XKP0	59	4.197
Q6PJG6	227	4.203
P12235	256	4.204
P43686	209	4.206
P12235	159	4.209
Q13200	778	4.211
A6NDG6	296	4.224
Q5UIP0	2297	4.228
Q96EY8	131	4.229
P28062	119	4.229
Q02978	183	4.23
Q92797	577	4.233
O75600	218	4.236
Q12905	310	4.247
P53384	21	4.256
O60825	157	4.262
P68366	199	4.264
P00338	184	4.264
Q71U36	199	4.264
Q6KC79	1970	4.274
P14678	42	4.281
O00487	237	4.287
P78395	79	4.288
P32320	64	4.288
Q6UB35	960	4.297
Q9UPT9	493	4.298
Q9UI12	72	4.3
P49753	400	4.301
Q9UKX7	180	4.307
Q9UJZ1	166	4.312
Q5C9Z4	660	4.316
Q9NX20	166	4.32
Q6ZMR3	162	4.328
P07864	162	4.328
O00567	141	4.338
Q06830	172	4.349
Q9BRP1	81	4.35
Q08AM6	306	4.351
P62979	143	4.353
Q7L5N1	298	4.364
Q8IUR0	39	4.372
Q9BSJ2	847	4.378
Q92616	1780	4.378
P53701	45	4.386
P06493	118	4.386
Q9Y5Y2	198	4.388
Q9NUQ8	627	4.402
O43264	258	4.411
Q96GX8	13	4.416
Q5T160	575	4.417
Q969Z0	334	4.418
Q9BSJ2	349	4.42
Q9UQ35	955	4.424
Q9BW60	92	4.429
Q09666	1899	4.431
Q96CD2	172	4.436
P23921	786	4.446
P07814	91	4.447
Q7L2J0	152	4.452
P68431	110	4.454
Q8TEX9	349	4.454
P49662	257	4.458
P78527	4105	4.462
Q15758	38	4.464
P15328	208	4.464
P35610	91	4.465
P05141	256	4.466
Q14684	154	4.474
Q71U36	3	4.477
P43003	374	4.478
P23921	778	4.491
P53634	135	4.492
P42166	560	4.494
P26639	342	4.504
O75439	264	4.508
Q9Y6D5	75	4.51
Q9BQ90	101	4.512
Q96BI1	368	4.515
O15067	1284	4.522
Q9Y285	492	4.53
Q9NYL9	131	4.533
Q587I9	66	4.537
P55769	29	4.541
Q86WK9	204	4.542
A1L0T0	353	4.544
Q9UIA9	122	4.547
P57740	180	4.547
P53370	43	4.554
Q13428	1297	4.554
Q13535	37	4.56
P53701	65	4.564
P52789	157	4.566
Q13325	136	4.567
Q9Y6C9	159	4.571
Q8WWQ0	27	4.575
P38117	41	4.583
P11586	142	4.589
Q8WVV9	463	4.597
Q9UN36	320	4.622
Q8IWA4	664	4.631
O60831	27	4.642
O95373	89	4.645
Q9H7X7	11	4.646
P53384	24	4.651
Q99595	16	4.654
Q6IQ22	67	4.657
Q15208	233	4.659
P78549	117	4.661
Q8IYB9	62	4.661
Q9NYY8	376	4.663
Q9BVA1	238	4.665
O00541	360	4.667
Q765P7	7	4.674
P53582	13	4.678
P20248	326	4.678
P50416	607	4.686
Q16851	122	4.692
Q9BUH6	179	4.698
O60216	584	4.7
Q9NRW4	123	4.703
O95295	65	4.709
Q8N9Z2	103	4.712
Q9BXB4	352	4.713
Q06546	420	4.717
Q9UI12	225	4.722
A0FGR8	180	4.725
Q9BRT2	52	4.732
Q96DG6	131	4.735
Q7L1Q6	34	4.736
P52657	67	4.738
Q9H1C4	582	4.758
P00367	171	4.76
O95319	173	4.764
Q9BWD1	91	4.765
Q01650	495	4.767
Q9NUI1	21	4.77
Q9BW72	52	4.771
Q00610	777	4.782
O15427	160	4.784
O00541	271	4.788
P07858	92	4.788
Q9Y5Y2	195	4.788
O00483	43	4.795
Q15646	187	4.799
Q8N8U2	287	4.806
Q92564	218	4.81
O43175	368	4.813
Q5RKV6	116	4.818
Q9BVK8	22	4.824
Q96RN5	617	4.824
O75934	131	4.826
Q53GQ0	165	4.827
Q9UBS0	347	4.836
P33991	211	4.841
Q9H3U1	595	4.848
Q13144	617	4.851
Q9NP73	85	4.852
Q5K4L6	64	4.866
P10620	49	4.867
Q15459	243	4.87
Q03519	352	4.87
P36542	102	4.872
P13796	100	4.876
Q5MNZ6	62	4.878
Q8NG31	252	4.88
Q9NWA0	138	4.906
Q7Z2T5	655	4.914
Q9H0E3	950	4.915
P05141	159	4.923
P49327	1557	4.926
P48059	99	4.933
Q6AI08	475	4.935
O75600	348	4.937
Q9Y5J5	86	4.939
O14744	277	4.941
O95573	572	4.945
P57772	129	4.946
Q8NFQ8	309	4.954
P57678	316	4.956
O14757	348	4.957
Q96BM9	163	4.959
P82930	92	4.967
Q9BUM1	234	4.972
Q8IYU8	143	4.972
P30536	18	5.006
Q8IX01	655	5.011
Q96HS1	11	5.013
Q6P3X3	454	5.018
O60232	151	5.019
Q9H845	326	5.02
Q9Y277	228	5.029
P42695	14	5.03
Q9NX47	187	5.036
Q9NQZ5	301	5.037
O43592	914	5.039
Q9Y4W2	139	5.057
Q13232	157	5.063
Q9BPZ7	148	5.07
P28702	339	5.07
P42765	381	5.072
Q7L5D6	159	5.073
Q96TA1	465	5.073
P61163	221	5.083
P49207	45	5.086
Q14353	90	5.091
Q8IWR0	148	5.092
Q71U36	19	5.101
Q9H8M7	26	5.108
Q15020	669	5.112
O00429	360	5.113
O43913	9	5.114
P22695	191	5.118
Q96KP1	372	5.121
O14508	110	5.139
Q13098	250	5.14
Q14247	111	5.147
P60228	249	5.156
P62979	144	5.156
P07437	238	5.157
Q6NXR4	338	5.165
Q15390	48	5.167
Q6PJ69	319	5.17
Q9BUL9	15	5.173
Q9UJW0	257	5.173
P02545	587	5.18
B5ME19	752	5.18
P57740	77	5.188
O43159	450	5.197
Q9Y2X7	575	5.205
O95067	313	5.207
P00338	162	5.209
O15213	171	5.211
P61158	234	5.212
Q14192	149	5.218
Q9Y5Q9	606	5.219
P83881	76	5.227
Q969Q0	76	5.227
Q12905	36	5.248
Q9BQG2	116	5.266
P04049	26	5.274
O15027	1292	5.29
Q99643	69	5.295
Q9UBB4	164	5.298
Q14145	287	5.317
P30044	99	5.317
Q9BSD7	109	5.32
Q7L3B6	123	5.324
Q9NUY8	282	5.333
Q9H553	69	5.336
P30048	228	5.336
Q9H4L7	950	5.341
Q09666	2161	5.348
Q14203	635	5.351
Q9BZG1	37	5.355
Q8IZV5	271	5.368
Q9UIA9	243	5.37
Q5T440	169	5.373
Q8WYP5	520	5.376
Q8IXI2	174	5.384
Q13526	112	5.386
Q0PNE2	217	5.386
Q7L2E3	1182	5.39
P63010	856	5.396
O15027	1796	5.402
O95214	65	5.404
Q86YH6	70	5.41
O14972	220	5.413
Q8NFJ5	283	5.415
P39210	58	5.417
O15533	439	5.421
Q9H223	174	5.44
O95625	261	5.45
Q8WV24	265	5.459
P46013	642	5.465
Q96P11	358	5.468
Q92797	968	5.472
P46013	1284	5.472
Q5VSL9	797	5.473
Q9UI26	261	5.48
Q9Y6W5	26	5.488
P31749	309	5.49
Q9H3R5	34	5.497
Q9UQE7	1133	5.499
Q14203	1251	5.504
Q96T37	925	5.512
Q96B45	27	5.515
Q92888	536	5.533
Q9BXW9	728	5.537
P30281	46	5.548
Q9HBH0	29	5.553
Q04726	25	5.555
Q99832	449	5.556
Q9Y4P8	392	5.56
Q9P000	146	5.56
Q9BUK6	45	5.565
O15091	150	5.58
Q00013	453	5.585
P04843	476	5.586
Q8WXE1	584	5.594
P41250	465	5.601
Q6PJT7	260	5.602
Q16186	87	5.605
Q9Y6G9	50	5.613
O00743	191	5.617
Q6P2I3	214	5.621
Q8N357	35	5.624
O60934	284	5.628
P68036	85	5.63
P42345	673	5.63
Q6P3X3	586	5.632
Q9BTC0	260	5.634
Q9NVI1	155	5.645
Q7Z4Q2	654	5.647
Q9BWM7	233	5.652
Q92947	288	5.658
P49588	670	5.663
Q9BQ69	185	5.664
Q96P11	361	5.665
Q5VT52	87	5.665
P62266	89	5.667
Q8IZV5	241	5.669
Q8WYP5	1130	5.673
A9UHW6	48	5.675
Q71U36	24	5.678
Q13057	143	5.683
P49207	48	5.688
Q9NYL9	149	5.689
Q7L5D6	204	5.699
Q8N1F7	486	5.705
P36941	417	5.706
O14733	279	5.714
P30876	1092	5.715
P22234	373	5.722
P49327	1447	5.723
P51157	30	5.727
O15243	65	5.73
Q71U36	375	5.735
P46734	206	5.737
P08237	708	5.74
P47712	725	5.742
Q99439	174	5.748
P28066	75	5.751
Q08380	560	5.753
P18085	158	5.754
Q9BW27	229	5.757
P60468	38	5.76
Q9NY65	375	5.761
Q9BQG0	478	5.777
P40617	167	5.784
O14980	584	5.786
Q99536	85	5.801
Q9Y4W2	455	5.804
Q8TBP6	313	5.805
Q8TC07	196	5.814
P68366	375	5.821
Q8NEY1	1650	5.839
Q12789	41	5.846
Q13426	127	5.847
Q5VYK3	1256	5.85
Q9P0V9	21	5.853
P11498	621	5.856
Q9Y6M0	32	5.856
O43264	567	5.861
Q14139	709	5.869
P61106	25	5.871
P26358	61	5.882
Q8NE86	96	5.889
Q99538	218	5.893
Q9Y6K5	647	5.899
Q9H936	51	5.899
Q8TCG1	336	5.9
P09105	104	5.904
Q15269	507	5.916
Q9Y617	79	5.929
Q92797	847	5.932
P49916	928	5.935
Q9UPT5	82	5.935
P40937	237	5.942
Q6P996	205	5.952
O00151	44	5.956
Q16222	250	5.958
Q9NZT2	442	5.959
P10619	280	5.97
P50851	2674	5.972
Q92616	1983	5.974
Q15417	172	5.976
Q9ULG6	671	5.98
Q8IZV5	319	5.985
P62140	125	5.989
Q9BUF5	200	5.989
Q9BVA1	200	5.989
Q8NDH3	188	5.99
Q8WVC0	529	5.999
Q9UNI6	22	6.006
Q6KB66	243	6.007
Q9Y6X9	961	6.009
P07437	200	6.013
Q9UJS0	564	6.025
Q9NZL4	200	6.028
Q8NC60	504	6.03
P31947	37	6.032
O95373	735	6.04
O75947	100	6.044
P32322	261	6.07
Q13464	1205	6.071
P40261	114	6.075
Q9NVH2	41	6.076
P46779	12	6.079
Q06210	1	6.083
Q9BXB5	32	6.086
Q9Y277	64	6.092
Q9BW85	274	6.102
Q9UN37	232	6.106
Q9H0R6	511	6.108
Q9BXL5	255	6.124
Q96BW9	102	6.126
Q8IZV5	287	6.126
Q9NSD9	194	6.131
P22087	98	6.135
Q9Y613	30	6.139
Q71DI3	110	6.152
Q9HBH0	161	6.154
Q16822	305	6.156
O75815	736	6.164
Q969E8	113	6.167
Q86Y56	554	6.168
Q8IXH7	194	6.169
Q7Z5L9	504	6.188
Q9BVA1	210	6.189
Q9BUF5	210	6.189
O95297	202	6.2
P04632	189	6.202
O15382	341	6.203
Q96EL2	102	6.205
P46940	780	6.208
P83881	87	6.21
Q969Q0	87	6.21
Q96C36	261	6.217
P08240	620	6.234
Q9NUI1	79	6.237
P30084	224	6.238
Q13162	50	6.239
Q6ZSR9	250	6.246
P15121	298	6.256
P10809	236	6.257
Q92685	20	6.259
P49327	2358	6.267
P48507	34	6.271
Q8N5K1	91	6.276
Q9Y312	155	6.279
P35250	87	6.283
Q96JB2	64	6.283
Q09666	107	6.298
Q9Y6M0	66	6.3
Q9HAV4	1130	6.314
O75348	68	6.316
P68366	346	6.32
Q9P0L0	59	6.321
Q86TG7	118	6.321
Q7Z7H8	212	6.325
O43592	876	6.326
Q13144	570	6.336
Q9BXW9	1379	6.36
O43182	768	6.361
Q9NUQ9	9	6.362
Q6P4H8	66	6.363
P58107	405	6.363
P31751	310	6.368
Q6UXV4	151	6.376
O14880	55	6.379
Q99439	214	6.381
P38646	316	6.387
P35998	376	6.387
P13797	103	6.39
P00973	24	6.4
P00966	330	6.406
P04183	65	6.407
P05388	26	6.409
P84243	110	6.414
Q14997	1839	6.429
O43688	254	6.432
Q96BM9	157	6.447
Q96GX2	74	6.447
Q96AB3	113	6.452
Q03701	705	6.456
Q9HAV4	764	6.458
Q53GQ0	214	6.463
Q86XL3	90	6.466
P83731	35	6.467
P49790	20	6.472
Q7Z7H8	179	6.488
O75607	78	6.489
Q8NFF5	235	6.49
O15260	31	6.502
Q15233	207	6.504
P07814	380	6.528
Q86U90	98	6.531
P68363	346	6.537
O00116	57	6.544
Q9C0I1	66	6.555
Q7Z2K6	42	6.557
Q9BRF8	53	6.562
Q9NP61	311	6.565
O95573	648	6.567
O95671	440	6.57
O43772	135	6.586
Q99439	273	6.586
Q9UDY2	913	6.598
Q9Y450	468	6.61
Q92530	184	6.616
Q9ULX6	210	6.621
Q6P1X6	97	6.628
P06400	852	6.644
P18085	61	6.654
P43246	821	6.663
Q9Y5Y2	71	6.673
Q9BSH5	108	6.675
P48643	252	6.68
Q9Y5M8	72	6.686
P15976	82	6.695
Q96I15	21	6.695
P35613	241	6.699
Q9BQE3	375	6.722
Q99536	323	6.722
Q96FJ2	55	6.731
Q9HB90	376	6.731
Q04206	104	6.733
P07814	1486	6.734
Q96D46	16	6.735
Q6NYC8	610	6.736
Q9Y3T9	282	6.737
Q9NUI1	52	6.739
Q9HBH0	120	6.742
Q8WVX9	437	6.746
P48507	71	6.753
Q9BVC4	106	6.756
Q9NY65	346	6.756
Q8N3D4	1363	6.766
Q9BTE7	50	6.778
Q9NW81	183	6.779
Q9H7E9	41	6.784
P85037	438	6.784
Q8N4T8	54	6.785
O95571	33	6.786
O75694	973	6.793
Q9NP72	109	6.796
Q8WXI9	307	6.8
Q15758	362	6.806
P22087	267	6.808
Q92665	355	6.823
Q9P258	427	6.823
P46013	1372	6.827
Q9H5V9	10	6.831
Q9Y2Q3	175	6.84
P47756	205	6.855
Q5SW79	234	6.855
Q71U36	346	6.86
Q13636	48	6.874
Q6NUK1	329	6.876
P45880	12	6.88
Q14974	584	6.88
P62979	148	6.893
O60264	258	6.904
P62330	154	6.911
Q00013	241	6.912
P51114	76	6.921
Q13257	105	6.927
P41134	71	6.935
Q9BZE9	108	6.949
Q9Y478	222	6.949
Q8NHV4	606	6.962
P48643	439	6.963
Q9UBX3	239	6.987
Q9BYN0	98	6.99
P17676	247	6.99
Q14694	93	6.992
Q9Y6D5	124	6.997
O94829	162	7.01
P78527	794	7.013
P62280	115	7.015
Q16740	85	7.017
Q9BRT9	52	7.021
Q96AG4	58	7.024
Q9H4M9	137	7.024
Q96ER3	247	7.025
Q15181	273	7.027
O15372	326	7.029
Q6KC79	278	7.03
P49643	436	7.032
P61978	131	7.041
P53582	39	7.042
Q9UH92	158	7.042
P78395	331	7.051
P48739	186	7.068
P19838	60	7.072
P11413	12	7.074
Q6NUM9	533	7.077
Q9BZE1	152	7.086
Q99714	57	7.091
P50552	333	7.103
P18124	185	7.104
O95817	178	7.11
Q9BV44	390	7.115
Q9NX14	140	7.128
Q9H2G2	1211	7.129
Q9H6K1	17	7.13
Q8TDN6	51	7.134
O94925	462	7.145
Q96S59	609	7.147
P62917	114	7.152
P53396	844	7.157
P63167	55	7.162
P83731	5	7.168
Q9UI26	620	7.175
O76031	537	7.178
Q99961	276	7.19
P39023	252	7.194
Q8WWH5	330	7.196
O76071	321	7.196
P10599	72	7.2
Q13619	240	7.203
P51610	226	7.223
Q9BZX2	240	7.228
P30084	110	7.229
P27448	279	7.231
Q92609	191	7.231
P61160	220	7.232
P03928	58	7.236
O14929	100	7.244
Q9P0W2	176	7.262
Q14192	213	7.264
P23528	138	7.266
O14980	33	7.268
O75694	1343	7.276
Q9Y4R8	627	7.278
Q8NCF5	231	7.286
O95159	229	7.288
P51946	243	7.294
P00492	105	7.298
Q5TA50	19	7.307
Q9NZD2	111	7.315
Q9P2X0	66	7.32
P60903	61	7.324
P35611	67	7.324
A8MPP1	55	7.331
P15880	228	7.343
P49841	13	7.351
P28838	461	7.351
P43243	229	7.36
Q8TCJ2	714	7.37
P01111	50	7.373
Q13085	1296	7.378
Q6PJG6	325	7.378
P78395	187	7.386
P33764	67	7.391
P53384	276	7.392
Q13144	195	7.395
P13639	40	7.4
Q969Z0	131	7.4
P50914	41	7.401
Q9H6S3	542	7.403
Q12800	452	7.405
Q15645	340	7.416
Q9NVU7	86	7.423
O00487	298	7.423
Q06124	258	7.425
Q99439	163	7.427
Q8IZW8	426	7.441
Q13472	243	7.443
Q9NZB2	918	7.447
P82932	104	7.451
Q9Y232	484	7.457
Q8TCT9	325	7.459
Q9HC36	289	7.46
Q9BXL5	243	7.462
Q5VYK3	1419	7.463
Q9NTK5	54	7.467
P07858	318	7.471
O95067	130	7.479
P62195	208	7.479
Q99538	49	7.48
Q9NVN8	489	7.495
Q8NEZ5	116	7.501
Q15366	216	7.507
Q9NZ01	17	7.513
P27635	104	7.519
Q8IXK0	739	7.527
P27448	212	7.528
P20839	214	7.531
P78527	24	7.54
P62306	65	7.54
Q66K14	875	7.542
Q5HYI8	179	7.543
Q9BV86	194	7.548
Q99766	110	7.558
Q16831	161	7.568
P05386	60	7.592
Q9UER7	130	7.597
P52597	266	7.611
Q96C36	231	7.618
Q9BW91	206	7.62
O43432	1410	7.622
P62829	27	7.635
P49748	236	7.635
Q6PIW4	153	7.644
O60427	363	7.664
Q7L014	589	7.668
Q92616	2557	7.672
Q9H0H5	108	7.675
Q96E22	286	7.68
P62979	125	7.68
Q969Z0	190	7.68
Q09161	43	7.682
Q7RTV0	48	7.69
Q9H9P8	186	7.695
P40429	37	7.698
Q53GS7	38	7.7
P12814	369	7.7
O75663	86	7.702
P60866	69	7.713
Q08378	454	7.723
P60709	271	7.726
Q9BV86	183	7.735
Q8WW01	12	7.739
P31943	266	7.754
P60709	256	7.777
Q969F1	140	7.779
P61619	12	7.779
P36578	95	7.798
Q13501	112	7.805
Q15181	269	7.806
Q9NVU0	552	7.812
Q9UBT2	29	7.834
Q00610	490	7.837
P14923	89	7.841
Q16576	96	7.843
Q9BYG3	236	7.849
P53396	19	7.853
Q86W33	295	7.855
Q9BSH4	255	7.856
P55795	266	7.86
Q6IA86	203	7.874
O95400	233	7.88
Q8N806	34	7.89
Q92901	252	7.905
Q8N2F6	316	7.915
P56537	55	7.94
P61247	110	7.945
P53007	261	7.949
P04049	636	7.949
Q9Y3F4	339	7.972
Q96SL1	134	7.974
Q9BRJ6	106	7.978
P43246	842	7.983
P49458	47	7.985
O75369	2500	7.988
P59998	20	7.988
P09211	47	7.996
P49585	345	8.007
B0I1T2	964	8.01
P49411	126	8.013
O95573	651	8.022
P41743	594	8.036
Q13185	176	8.037
Q9Y333	25	8.037
Q15758	466	8.041
Q92973	682	8.056
P62826	119	8.061
Q6NXE6	470	8.069
P49321	707	8.081
Q71UM5	76	8.086
Q29RF7	13	8.088
P60604	88	8.107
P52292	222	8.12
P78316	456	8.132
P49721	90	8.139
P68104	410	8.141
P62837	106	8.152
P61077	106	8.152
P51149	142	8.155
Q6NVY1	44	8.175
Q9UBX3	180	8.176
Q6PJG6	486	8.188
Q08AM6	515	8.198
Q9Y256	313	8.201
Q4G0F5	333	8.208
Q15370	88	8.217
Q7KZF4	559	8.231
Q6P9B6	12	8.259
Q14116	73	8.262
Q8WW33	75	8.262
Q92879	149	8.264
Q8N9N8	88	8.303
O15091	366	8.305
P10515	585	8.307
Q27J81	1028	8.312
P09110	25	8.328
Q08AM6	100	8.328
P49756	794	8.337
Q86WB0	405	8.346
O43156	17	8.354
Q92947	114	8.376
P41743	50	8.381
P36776	681	8.383
Q15366	53	8.387
Q9Y6E2	299	8.401
Q02750	206	8.406
P08670	327	8.412
Q05639	410	8.417
Q15021	319	8.44
Q9H1B7	62	8.442
P43487	131	8.442
Q15390	144	8.443
O60313	800	8.46
Q86SX6	66	8.466
Q9GZN8	123	8.467
Q14980	79	8.484
Q9UBX3	68	8.485
O75521	379	8.501
Q14181	391	8.512
Q4G176	398	8.514
P19623	203	8.519
Q14008	1794	8.544
P61758	112	8.548
Q6DKI1	192	8.554
Q6P996	291	8.554
P30153	376	8.571
P50914	53	8.576
O14787	455	8.584
P50990	243	8.591
Q9UBB6	414	8.597
Q13501	130	8.603
Q9NUU6	176	8.608
O15067	65	8.613
Q14657	22	8.618
Q96H96	126	8.62
P60842	133	8.624
Q92538	1587	8.642
P17987	146	8.645
P51610	1138	8.645
Q9P2N5	48	8.652
Q9Y3C4	166	8.668
O60610	1226	8.679
Q99436	73	8.685
Q9NUP9	46	8.701
O60716	691	8.708
P07203	201	8.709
P45973	132	8.712
Q9NSY1	31	8.725
Q96AB3	83	8.732
P08237	169	8.737
P52209	421	8.74
Q99832	510	8.77
Q9Y490	115	8.771
Q71U36	128	8.777
Q9NZ09	451	8.786
O00139	595	8.796
O00330	306	8.796
P49005	383	8.809
P61289	91	8.838
P07858	210	8.851
P51665	115	8.883
Q06546	387	8.891
O60921	43	8.896
Q13895	314	8.926
Q9BXJ9	720	8.931
P46063	605	8.937
O95373	826	8.94
Q15365	53	8.953
O75794	158	8.957
P57721	85	8.962
Q8TAE8	123	8.968
Q5SRE5	1151	8.98
Q96FW1	22	8.98
P26641	265	9.02
P49411	289	9.021
Q658P3	167	9.031
Q9BPZ3	59	9.032
P08238	365	9.034
Q9BQP7	78	9.074
Q13418	421	9.082
Q14653	370	9.088
P07814	691	9.09
P11802	77	9.093
O15269	99	9.112
Q15067	448	9.113
Q6IS14	128	9.115
O43432	927	9.129
Q9Y689	131	9.135
P50213	350	9.146
P63220	55	9.166
B5ME19	443	9.168
Q7L0Y3	77	9.253
P62829	124	9.255
O60337	38	9.277
Q9Y5Q8	410	9.283
Q9Y6N5	126	9.304
P09429	22	9.317
Q99439	239	9.323
O94906	697	9.327
O14684	58	9.34
Q9NRX1	63	9.345
O75521	281	9.351
Q7Z6M1	114	9.353
Q9BVA1	353	9.358
Q96BR5	23	9.364
Q96P16	99	9.37
Q9NSE4	154	9.37
Q27J81	283	9.375
P12268	172	9.378
P45880	75	9.384
Q9UBQ5	142	9.394
P22314	631	9.408
Q15631	224	9.416
P11940	131	9.417
Q00839	294	9.426
Q7Z5L9	64	9.432
P14618	422	9.447
P61247	95	9.45
Q9NUU6	225	9.458
P49792	580	9.464
P49411	221	9.468
P05388	118	9.48
O95232	42	9.482
Q8IU85	181	9.503
P14649	194	9.52
P20339	62	9.544
Q6P2E9	837	9.565
P55060	324	9.59
P26583	22	9.596
P56589	282	9.624
Q86U38	431	9.63
Q9BWM7	188	9.636
Q9NYK5	334	9.641
P40937	72	9.642
Q9Y5M8	99	9.66
P32969	133	9.684
P21980	229	9.718
P08134	15	9.722
P35998	179	9.753
O60216	391	9.758
Q13509	302	9.77
Q9BVA1	302	9.77
Q9BUF5	302	9.77
Q96KP1	637	9.772
Q9NVN8	277	9.773
Q9BZE1	267	9.776
Q9HBH0	172	9.786
P62937	61	9.802
Q5VT52	1070	9.815
P40763	467	9.82
O75821	24	9.832
P68366	294	9.833
Q16763	117	9.855
Q9UMR2	392	9.857
Q92990	12	9.858
O00273	37	9.866
P25205	359	9.878
Q9BV68	14	9.895
Q9UMS4	229	9.897
P17987	75	9.931
Q86XL3	349	9.946
P16144	287	9.96
Q9Y2T3	23	9.966
P52292	236	9.969
Q03169	602	9.988
Q14684	285	10.014
Q3ZCM7	302	10.032
P42166	683	10.033
Q9Y6K5	349	10.083
Q13795	124	10.091
O60671	147	10.094
Q15365	200	10.097
P62191	398	10.097
Q9BU89	199	10.112
P07437	302	10.119
P49368	454	10.149
P04083	323	10.157
P62987	114	10.202
Q99661	244	10.207
P31930	452	10.208
O00629	56	10.233
P61077	84	10.248
P62837	84	10.248
P62633	96	10.249
Q9NUU7	391	10.254
Q9H9A5	632	10.258
Q9BQG0	941	10.268
Q9Y3D0	157	10.353
Q9ULX6	127	10.378
Q9Y5N6	87	10.403
Q8N1F7	421	10.452
Q92598	33	10.473
P63000	177	10.504
P49419	477	10.508
P51668	84	10.513
P50570	26	10.523
Q9NQZ2	358	10.569
Q96EM0	38	10.589
Q9UGV2	165	10.63
Q00610	869	10.672
Q27J81	331	10.677
Q9Y6D5	1449	10.677
Q9H9B4	189	10.679
P0CG13	82	10.695
Q53H12	42	10.705
O60488	419	10.716
P27824	159	10.742
Q9BSD7	100	10.745
Q9Y4H2	815	10.762
O75179	209	10.763
Q16666	636	10.916
Q9NZJ9	130	10.953
Q8NFP7	130	10.957
Q01518	92	11.005
O43913	170	11.01
Q12894	408	11.052
O95478	252	11.077
Q9H4K7	205	11.099
P17844	233	11.103
P57088	231	11.111
Q16637	59	11.116
P23381	273	11.169
Q92947	175	11.184
P30153	389	11.254
P55039	269	11.269
Q16555	503	11.342
P13489	408	11.349
P36507	383	11.363
P16152	226	11.374
Q9Y5Y2	53	11.39
Q8IWZ3	180	11.392
O75600	232	11.439
P63241	128	11.451
Q08J23	501	11.484
P04075	72	11.493
P62701	40	11.615
Q05639	110	11.627
P51553	80	11.64
Q15365	108	11.666
P30154	401	11.696
P52948	1710	11.772
Q9Y5L0	124	11.791
Q06546	222	11.826
Q96QU8	722	11.963
Q01581	11	11.97
Q7L8L6	669	12.042
Q9H8H3	78	12.053
Q9NRG4	320	12.059
Q9NVU7	68	12.077
O43592	55	12.086
O60427	406	12.096
Q93052	363	12.111
Q6PID6	54	12.121
P46782	171	12.226
P31930	409	12.247
Q8N335	201	12.34
P17987	356	12.399
Q9NYY8	162	12.406
P30566	26	12.456
Q93008	2292	12.469
P21291	166	12.513
Q9H6H4	199	12.529
O43156	993	12.564
Q8N1F7	208	12.604
Q00534	14	12.609
P36578	207	12.767
P31153	33	12.847
Q9NRX1	225	12.855
P08708	34	12.923
Q14CZ7	397	12.972
Q8NHU0	21	12.991
Q15054	136	13.018
Q8N0X7	561	13.033
Q9H4K7	174	13.035
P63208	119	13.037
P46782	154	13.054
P31948	460	13.063
O43592	713	13.063
Q9NQT5	183	13.083
P48643	492	13.101
Q9H0C8	324	13.169
Q9Y613	42	13.18
P36578	124	13.184
P58557	40	13.19
P16615	634	13.225
P52272	675	13.241
P78417	191	13.296
O00592	343	13.31
Q14258	474	13.318
Q06210	54	13.327
Q9UHR6	187	13.369
Q1KMD3	56	13.375
Q9H3P2	43	13.398
Q9Y5Q8	431	13.41
P27348	236	13.43
Q15796	69	13.434
Q96DG6	221	13.441
Q9Y679	69	13.449
P27448	45	13.452
Q96D46	70	13.455
Q9UEW8	98	13.462
P04843	544	13.469
Q9HAV4	735	13.474
Q9HAV4	1051	13.485
Q14671	1178	13.501
O95747	52	13.513
Q9H6Y2	4	13.526
Q92769	416	13.539
Q86Y56	155	13.613
O43813	299	13.617
Q99643	106	13.62
Q04637	1264	13.623
P23396	133	13.642
P22307	70	13.646
O95347	131	13.647
P46776	143	13.659
Q93008	192	13.663
Q9BXB4	239	13.667
Q01813	122	13.667
Q9NRY5	387	13.67
Q8NBW4	94	13.676
Q8N6T3	350	13.68
Q9BQ15	98	13.689
Q9Y697	380	13.701
P60891	40	13.718
P54136	637	13.754
P13995	144	13.758
Q86W42	313	13.766
Q9UJU6	126	13.773
P31323	115	13.777
Q9BRP1	99	13.779
Q9Y2R9	151	13.781
Q8N5P1	81	13.784
Q9HCC0	430	13.802
Q14974	454	13.812
P08240	362	13.814
P22234	62	13.815
Q8IWI9	1000	13.835
Q9H4A6	91	13.843
P28838	444	13.85
Q53H96	234	13.85
P62263	84	13.858
P07814	743	13.865
P15880	221	13.882
Q15181	112	13.902
P56192	308	13.905
O00299	177	13.92
P62834	138	13.921
P23921	253	13.921
Q9BR61	79	13.921
P17858	707	13.94
P61421	334	13.944
P42166	628	13.954
Q8ND76	187	13.972
Q00610	616	13.974
Q13309	204	13.978
O75818	48	13.991
Q9UI10	68	13.999
O43716	98	14.006
Q9Y265	140	14.01
Q9Y263	630	14.013
Q8IZ69	391	14.014
Q04637	1515	14.014
P52306	268	14.014
Q8TAA5	125	14.02
Q9Y5K6	594	14.024
Q9P287	274	14.026
P52306	116	14.043
O95671	273	14.048
Q96BW9	284	14.049
Q15365	162	14.052
Q9Y263	583	14.054
P21964	222	14.056
Q92616	1361	14.059
P42704	951	14.062
Q99807	206	14.072
Q9Y696	99	14.077
Q99714	90	14.083
Q9BS26	91	14.09
P25789	162	14.093
Q9H063	47	14.106
Q96AG4	47	14.11
Q3ZCQ8	248	14.112
P11586	194	14.114
Q9NZJ6	154	14.116
Q8IY67	250	14.117
Q9C0C9	313	14.12
P48643	406	14.123
Q9Y232	514	14.127
Q9NSI8	195	14.129
P21291	24	14.131
Q9Y3F4	304	14.139
Q14166	611	14.14
P61978	144	14.142
Q96BN8	214	14.142
P04083	342	14.146
Q00839	606	14.154
Q9BYX2	527	14.156
Q15181	113	14.157
P78527	973	14.174
Q9UBB6	291	14.175
Q86SQ0	456	14.181
O95373	748	14.187
P30520	181	14.189
P62241	99	14.201
Q12894	370	14.201
P13804	52	14.201
P49915	522	14.204
P78527	4060	14.205
Q9BZG1	18	14.207
P63244	285	14.207
P61160	10	14.208
Q13309	344	14.225
Q9H3U1	649	14.237
Q92621	1854	14.245
O43929	151	14.258
Q99536	49	14.262
O00471	110	14.262
Q9Y696	188	14.264
Q15645	333	14.266
P17987	235	14.269
Q9H081	52	14.272
P07195	35	14.273
Q9HAV4	723	14.273
Q8NB37	93	14.284
Q9Y5L0	311	14.3
P31930	379	14.305
Q9NPQ8	340	14.307
P55060	84	14.315
P08754	65	14.325
P42695	329	14.328
P11177	262	14.33
P50991	251	14.33
P27635	79	14.339
P61224	140	14.344
P39748	162	14.345
Q15654	386	14.36
P52306	84	14.361
Q8N6T3	95	14.364
P31930	267	14.367
P45954	138	14.371
O95081	29	14.374
Q13671	732	14.377
P11498	751	14.377
Q969Z0	369	14.381
P41252	432	14.382
P11413	445	14.385
O75817	65	14.394
Q9NZL4	171	14.394
Q5T4S7	2553	14.399
P30050	140	14.401
Q9NY27	133	14.403
P54136	114	14.411
Q8NBQ5	93	14.427
O15269	418	14.431
Q9Y232	542	14.433
Q8IY81	51	14.433
P52789	627	14.442
Q6P4I2	105	14.444
Q8TC12	32	14.445
A0AVT1	545	14.445
Q09161	319	14.446
P60709	284	14.446
Q6P2E9	298	14.446
P25398	107	14.446
Q08AM6	113	14.446
Q9NZL4	213	14.446
P62136	139	14.446
Q9H4L7	574	14.446
Q99497	52	14.446
O14981	907	14.446
O75533	676	14.446
Q9UBV8	246	14.446
Q9BWJ5	40	14.446
P54198	1006	14.446
P62937	160	14.446
P62633	53	14.446
Q9UBE0	341	14.446
Q8NAV1	115	14.446
P00338	34	14.446
Q86X76	175	14.446
Q04637	1383	14.455
P28838	334	14.456
O00170	207	14.456
P09382	60	14.457
P22102	236	14.458
Q16763	94	14.459
P49411	146	14.46
P55084	434	14.465
Q86SQ0	384	14.469
P21266	90	14.469
Q8N122	504	14.469
Q53H12	71	14.479
Q15654	475	14.489
P52789	812	14.493
P61247	200	14.493
Q96JB5	149	14.503
Q9NV70	525	14.506
O14893	62	14.509
P62195	362	14.516
Q15024	33	14.52
Q15365	157	14.524
P57721	140	14.527
O14980	1069	14.527
P42704	929	14.53
P61586	158	14.534
Q9GZZ1	78	14.538
P78527	1431	14.54
Q7Z5K2	468	14.545
P00367	375	14.545
Q9HBH5	96	14.554
P42704	360	14.554
P05023	662	14.56
Q15366	108	14.562
Q9H0U6	124	14.57
Q9NYY8	365	14.57
Q15021	1228	14.57
O00116	403	14.57
P26368	428	14.57
O75449	313	14.57
P35244	25	14.57
Q15048	146	14.57
P08240	252	14.57
P41252	119	14.57
O94822	90	14.57
P54136	292	14.57
P07741	152	14.57
Q7L2J0	428	14.57
Q6NS38	191	14.57
O15270	187	14.57
Q9Y2Z2	99	14.57
Q9UID3	225	14.572
P08237	113	14.572
Q9NZW5	102	14.574
P14618	325	14.574
P54136	368	14.574
O00148	196	14.578
P60891	90	14.581
P63244	206	14.581
O94925	265	14.584
Q96PK6	89	14.584
P22061	94	14.584
Q99873	249	14.584
P29401	132	14.584
Q9Y5P6	229	14.584
Q8NFW8	393	14.584
Q13643	9	14.584
Q9NRG9	443	14.584
P11586	151	14.584
P56545	59	14.59
Q7Z7K6	239	14.594
Q96KG9	87	14.595
Q86W92	452	14.602
P62879	249	14.602
Q13501	330	14.602
P37268	146	14.608
Q9GZN8	155	14.609
P63167	23	14.613
Q9Y678	324	14.623
Q9BWD1	359	14.625
P07203	77	14.63
Q9NR50	333	14.63
P21964	118	14.63
P21980	544	14.63
Q01780	72	14.63
O75874	378	14.63
P26641	165	14.64
P28066	46	14.65
P78527	3346	14.655
Q9NVN8	212	14.655
P21291	57	14.655
Q5SRE5	1269	14.655
Q9UBB4	381	14.66
P35237	349	14.666
Q9UP83	63	14.667
Q9BY32	115	14.668
Q96QU8	314	14.668
Q7L3T8	359	14.668
Q15738	85	14.668
O96017	384	14.668
P62913	71	14.668
P42704	847	14.668
P60604	74	14.668
Q9BSF4	181	14.67
P63244	248	14.673
Q08AM6	323	14.678
Q14671	1101	14.678
P49069	195	14.678
Q9Y5L0	302	14.678
O00471	253	14.678
Q86YV9	694	14.678
Q9BV20	198	14.678
Q9Y263	604	14.679
P17812	217	14.68
Q6NXT1	136	14.68
P55265	391	14.692
P52292	466	14.696
P08559	180	14.703
Q8WUB8	133	14.703
P30153	328	14.703
P40939	469	14.704
Q9UGI8	45	14.707
P42704	926	14.712
P04406	246	14.712
P11908	90	14.721
P49368	365	14.722
O15235	92	14.722
Q96LJ7	234	14.723
Q03426	338	14.723
O60547	335	14.723
P63244	152	14.723
O76003	145	14.723
Q9NUU7	223	14.723
P42704	1276	14.723
Q9NVI1	907	14.723
P11172	118	14.723
Q9Y3D8	52	14.74
O76071	233	14.742
P62888	51	14.742
Q92878	1295	14.742
P42765	286	14.742
P63244	239	14.742
P09110	86	14.742
P16615	446	14.742
P18031	214	14.742
Q9BY32	32	14.742
Q96N66	279	14.747
P17812	298	14.763
Q92878	1301	14.763
P50991	294	14.763
P25398	68	14.763
Q15366	157	14.763
O00299	190	14.763
P21964	206	14.763
Q15185	39	14.763
Q14974	764	14.767
P62136	61	14.791
O75521	367	14.792
Q9BWD1	64	14.799
P07203	155	14.811
O14561	139	14.812
P52789	793	14.815
P21964	144	14.815
Q9NXH9	638	14.817
Q15021	771	14.824
O95571	218	14.84
P52701	686	14.841
P63241	72	14.841
Q12888	1702	14.841
P62834	117	14.841
Q8TED1	107	14.852
Q8N5W9	80	14.876
Q14694	253	14.876
Q7L2H7	124	14.876
P52701	1074	14.876
Q9H4L7	567	14.876
P26374	581	14.876
Q8NBQ5	185	14.876
P78344	628	14.876
Q15046	495	14.876
Q9NRJ4	1446	14.876
Q13347	159	14.876
Q9H0C8	134	14.876
P16278	392	14.876
Q9Y295	194	14.876
P22102	297	14.876
O15392	45	14.876
O00429	445	14.881
Q5VYK3	1637	14.89
Q96IR7	167	14.895
P12004	161	14.903
P60174	126	14.907
Q99873	225	14.907
P25325	64	14.907
Q7Z5L9	36	14.907
Q9BQ69	198	14.907
P42704	207	14.907
Q8N6R0	56	14.907
Q9P287	140	14.912
Q8WYP5	1627	14.914
P21291	121	14.925
P16615	559	14.926
Q15031	224	14.926
Q9Y5L0	379	14.926
O76071	122	14.926
Q96LJ7	62	14.926
Q9ULX3	223	14.926
P50991	220	14.926
Q9P258	279	14.926
P54578	202	14.926
Q96FJ2	23	14.931
P55265	648	14.936
Q9H6Y2	305	14.942
P53990	124	14.95
P62070	182	14.96
Q96BN8	91	14.96
P31040	265	14.96
Q96C01	38	14.96
P41250	460	14.966
Q9Y4R8	643	14.968
O75879	169	14.975
P48735	417	14.976
Q9GZT3	47	14.981
P21980	553	14.988
Q9BVC4	297	14.994
Q9H553	136	14.995
Q27J81	393	15.0
Q02218	282	15.0
Q29RF7	685	15.0
O15228	618	15.0
Q03169	355	15.0
Q5VV42	72	15.0
Q04637	818	15.0
Q9Y2D0	148	15.0
Q5VST6	119	15.0
O15360	79	15.0
Q5SRE5	1282	15.0
Q05932	218	15.0
Q9Y2Z0	48	15.0
Q08AM6	78	15.0
Q05932	314	15.0
Q06210	263	15.0
Q9Y2Z4	368	15.0
P56937	157	15.0
Q5SRE5	138	15.0
O00303	133	15.0
Q16666	678	15.0
O00178	45	15.0
Q14376	195	15.0
O00186	497	15.0
P63096	253	15.0
Q14204	3572	15.0
Q14192	190	15.0
P62745	15	15.0
Q14432	406	15.0
Q9Y5P6	265	15.0
Q13643	187	15.0
Q9Y5Z9	30	15.0
Q13501	144	15.0
Q13363	53	15.0
Q13371	34	15.0
Q13501	127	15.0
Q13501	141	15.0
Q13263	627	15.0
Q16850	350	15.0
Q14432	525	15.0
Q9Y678	295	15.0
O00116	213	15.0
P60891	264	15.0
P60953	156	15.0
O00116	296	15.0
O14981	347	15.0
Q08J23	183	15.0
P61224	117	15.0
P62330	89	15.0
Q08J23	677	15.0
Q9Y4H2	162	15.0
Q12933	468	15.0
Q9Y4R8	366	15.0
Q15013	49	15.0
Q12974	45	15.0
Q14571	2086	15.0
Q9Y4W2	503	15.0
Q12789	569	15.0
Q14192	88	15.0
P04899	65	15.0
Q6P2E9	53	15.0
O94979	643	15.0
Q99567	390	15.0
P21964	82	15.0
Q99519	264	15.0
Q96T76	759	15.0
Q96ST3	485	15.0
Q96SB4	62	15.0
O76071	96	15.0
Q9NYV4	722	15.0
Q96RS0	572	15.0
P21980	619	15.0
Q96LJ7	57	15.0
P22314	1038	15.0
Q96II8	739	15.0
Q96I99	368	15.0
Q96GX8	65	15.0
P23921	661	15.0
Q01780	611	15.0
P28331	553	15.0
Q93008	863	15.0
Q92990	35	15.0
Q9NXF7	118	15.0
P21266	207	15.0
Q99943	228	15.0
Q9BPX3	559	15.0
P04899	286	15.0
P07203	114	15.0
Q9H993	314	15.0
Q9H845	178	15.0
P07814	1147	15.0
Q9H6T3	189	15.0
P07954	433	15.0
P08581	1360	15.0
P08758	315	15.0
Q9C0B7	285	15.0
Q9P2J5	112	15.0
Q9NU22	520	15.0
P0DPB6	67	15.0
P10515	487	15.0
Q9NUU7	312	15.0
P11586	690	15.0
P13196	329	15.0
P16219	150	15.0
Q9NVN8	88	15.0
P16278	425	15.0
Q9BPX3	666	15.0
O95299	111	15.0
Q9BXW9	892	15.0
P31040	535	15.0
P31930	68	15.0
Q92616	245	15.0
Q9UKU7	158	15.0
Q7Z5L9	39	15.0
O60232	69	15.0
Q7Z4S6	1436	15.0
Q7Z460	1422	15.0
Q9ULW3	36	15.0
P49327	2467	15.0
Q7L5D6	174	15.0
O43823	350	15.0
P49748	214	15.0
Q9UK61	733	15.0
Q9UP83	344	15.0
P49773	37	15.0
P49792	187	15.0
Q70J99	673	15.0
P49792	706	15.0
Q6ZS86	329	15.0
Q6ZRQ5	971	15.0
P50135	81	15.0
P50548	188	15.0
P50991	336	15.0
P51149	82	15.0
Q9UPN9	460	15.0
P52298	80	15.0
P48651	418	15.0
Q9UJW0	40	15.0
Q92616	146	15.0
Q92538	660	15.0
P33992	196	15.0
P34897	90	15.0
P34932	416	15.0
O75439	388	15.0
Q8WV74	70	15.0
P35914	306	15.0
Q9UBT7	504	15.0
Q8TDX7	252	15.0
O60488	156	15.0
Q8TB52	591	15.0
P41212	451	15.0
P41743	77	15.0
P42695	202	15.0
O60763	677	15.0
Q8N556	683	15.0
Q8N0X7	404	15.0
O60488	639	15.0
O60488	362	15.0
P46063	48	15.0
Q8IU81	362	15.0
Q8TAG9	27	15.0
O60488	169	15.0
